AC_YEAR,STATNAME,DISTNAME,TOTPOPULAT,OVERALL_LI,FEMALE_LIT,MALE_LIT,SCHTOT,ENRTOT,TCHTOT,STR,SCHOOLS_PER_10K
0.0,Jammu & Kashmir,Kupwara,875564.0,66.92,54.79,77.1,2076,127558,9757,13.073485702572512,23.710431219191285
0.0,Jammu & Kashmir,Baramula,1015503.0,66.93,55.01,77.35,2310,183107,12708,14.408797607806106,22.74734786603289
0.0,Jammu & Kashmir,Srinagar,1269751.0,71.21,63.47,77.95,985,119458,10534,11.340231630909436,7.757426456053195
0.0,Jammu & Kashmir,Badgam,735753.0,57.98,46.6,68.56,1468,95521,8316,11.486411736411737,19.95234813857368
0.0,Jammu & Kashmir,Pulwama,570060.0,65.0,53.81,75.41,1028,61345,6179,9.927981874089658,18.033189488825737
0.0,Jammu & Kashmir,Anantnag,1070144.0,64.32,54.15,74.13,1885,118203,11784,10.030804480651732,17.614451886848872
0.0,Jammu & Kashmir,Leh (Ladakh),147104.0,80.48,64.52,89.39,375,15584,2569,6.066173608407941,25.492168805742875
0.0,Jammu & Kashmir,Kargil,143388.0,74.49,58.05,86.73,586,19483,2766,7.043745480838757,40.868134014003964
0.0,Jammu & Kashmir,Doda,409576.0,65.97,50.34,80.36,1459,76451,6849,11.162359468535552,35.62220442604059
0.0,Jammu & Kashmir,Udhampur,555357.0,69.9,58.22,79.93,1745,95087,7854,12.106824548001018,31.421229947583267
0.0,Jammu & Kashmir,Punch,476820.0,68.69,54.8,81.04,1693,96743,7043,13.736049978702258,35.50606098737469
0.0,Jammu & Kashmir,Rajauri,619266.0,68.54,57.2,78.38,1967,126130,9090,13.875687568756875,31.763410230821652
0.0,Jammu & Kashmir,Jammu,1526406.0,83.98,77.41,89.77,2408,218730,19341,11.309136032263067,15.775619330636802
0.0,Jammu & Kashmir,Kathua,615711.0,73.5,64.56,81.4,1758,96778,8859,10.924257816909357,28.55235654389803
0.0,Jammu & Kashmir,Shopian,265960.0,62.49,52.77,71.86,646,41640,3721,11.190540177371675,24.28936682207851
0.0,Jammu & Kashmir,Bandipora,385099.0,57.82,46.24,68.41,858,57358,4229,13.56301726176401,22.279985146676566
0.0,Jammu & Kashmir,Kishtwar,231037.0,58.54,44.13,71.75,874,41099,3744,10.977297008547009,37.82943857477374
0.0,Jammu & Kashmir,Ramban,283313.0,56.9,40.04,71.97,924,56874,3755,15.146205059920106,32.614105247553056
0.0,Jammu & Kashmir,Ganderbal,297003.0,59.99,47.62,70.74,675,40776,4055,10.0557336621455,22.727043161180188
0.0,Jammu & Kashmir,Kulgam,422786.0,60.35,49.74,70.58,970,59995,5481,10.945995256340083,22.943049202196857
0.0,Jammu & Kashmir,Reasi,314714.0,59.42,47.55,69.93,1201,62352,4525,13.779447513812155,38.16163246630274
0.0,Jammu & Kashmir,Samba,318611.0,82.48,74.39,89.76,687,46504,4688,9.919795221843003,21.56234404964047
0.0,Himachal Pradesh,Chamba,518844.0,73.19,62.14,84.19,1773,83121,7250,11.46496551724138,34.172121099983805
0.0,Himachal Pradesh,Kangra,1507223.0,86.49,80.62,92.55,3129,184909,18804,9.833492873856626,20.760033518596785
0.0,Himachal Pradesh,Lahul & Spiti,31528.0,77.24,66.5,86.97,278,3205,1093,2.9322964318389753,88.17558995178888
0.0,Himachal Pradesh,Kullu,437474.0,80.14,71.01,88.8,1185,65171,5594,11.650160886664283,27.087324046686202
0.0,Himachal Pradesh,Mandi,999518.0,82.81,74.33,91.51,2848,128534,13698,9.383413637027303,28.493733979778252
0.0,Himachal Pradesh,Hamirpur (H.P.),454293.0,89.01,83.44,95.28,988,58091,6443,9.016141548967871,21.748078883011626
0.0,Himachal Pradesh,Una,521057.0,87.23,81.67,92.75,906,72899,6005,12.139716902581183,17.387733011935357
0.0,Himachal Pradesh,Bilaspur (H.P.),382056.0,85.67,78.9,92.39,1025,48481,5517,8.787565705999638,26.828527755093493
0.0,Himachal Pradesh,Solan,576670.0,85.02,78.02,91.19,1305,96717,7676,12.599921834288692,22.62992699464165
0.0,Himachal Pradesh,Sirmaur,530164.0,79.98,72.55,86.76,1587,86276,7059,12.22212778013883,29.93413358885175
0.0,Himachal Pradesh,Shimla,813384.0,84.55,77.8,90.73,2687,113391,14041,8.075706858485862,33.03482733862481
0.0,Himachal Pradesh,Kinnaur,84298.0,80.77,71.34,88.37,313,9971,1685,5.917507418397626,37.13018102446084
0.0,Punjab,Gurdaspur,2299026.0,81.06,75.73,85.9,2161,227173,16106,14.10486775114864,9.399632714027593
0.0,Punjab,Amritsar,2490891.0,77.2,72.75,81.2,2251,373596,22246,16.79385057987953,9.036926947024178
0.0,Punjab,Kapurthala,817668.0,80.18,75.36,84.6,1073,117749,8265,14.24670296430732,13.122685490932751
0.0,Punjab,Jalandhar,2181753.0,82.4,78.31,86.1,2228,302486,18804,16.086258242927038,10.211971749322679
0.0,Punjab,Hoshiarpur,1582793.0,85.43,80.78,89.9,2286,217179,15474,14.035091120589376,14.442823540412423
0.0,Punjab,Nawanshahr,614362.0,80.33,74.28,86.2,822,80056,5332,15.014253563390847,13.379733772596614
0.0,Punjab,Rupnagar,683349.0,83.28,77.17,88.9,1019,90156,6312,14.283269961977187,14.911853240437901
0.0,Punjab,Fatehgarh Sahib,599814.0,80.33,75.53,84.5,833,77779,5927,13.122827737472583,13.887638501268727
0.0,Punjab,Ludhiana,3487882.0,82.54,78.16,86.3,2961,544178,33593,16.19914863215551,8.489392703078831
0.0,Punjab,Moga,992289.0,71.59,67.41,75.3,857,138876,8270,16.792744860943166,8.636596797908673
0.0,Punjab,Firozpur,2026831.0,69.85,62.24,76.7,1118,141233,7595,18.595523370638578,5.516000100649733
0.0,Punjab,Muktsar,902702.0,66.79,60.03,72.9,783,126576,7665,16.513502935420743,8.673958847991917
0.0,Punjab,Faridkot,618008.0,70.65,64.82,75.9,560,89417,5566,16.06485806683435,9.061371373833348
0.0,Punjab,Bathinda,1388859.0,69.57,62.92,75.3,1019,188231,11219,16.77787681611552,7.336957891333822
0.0,Punjab,Mansa,768808.0,62.78,56.41,68.4,677,109805,6113,17.962538851627677,8.805839689493347
0.0,Punjab,Sangrur,1654408.0,68.88,62.86,74.2,1560,224907,14749,15.248966031595362,9.429354790354012
0.0,Punjab,Patiala,1892282.0,76.26,70.47,81.4,2035,273899,18329,14.943477549238912,10.75421105310942
0.0,Punjab,Mohali,986147.0,84.87,80.01,89.2,1034,142256,9919,14.3417683234197,10.48525219870871
0.0,Punjab,Taran Taran,1120070.0,69.43,62.88,75.4,1164,169260,8442,20.049751243781095,10.392207629880275
0.0,Punjab,Barnala,596294.0,68.9,64.14,73.1,470,83134,5121,16.23393868385081,7.88201793075228
0.0,Punjab,Fazilka,0.0,0.0,0.0,0.0,1063,154963,8753,17.70398720438707,inf
0.0,Punjab,Pathankot,0.0,0.0,0.0,0.0,802,89530,6670,13.422788605697152,inf
0.0,Chandigarh,Chandigarh,1054686.0,86.43,81.38,90.54,201,157921,9309,16.964335589214738,1.9057804882211389
0.0,Uttarakhand,Uttarkashi,329686.0,75.98,62.23,89.26,1352,59660,5235,11.396370582617001,41.0087173856336
0.0,Uttarakhand,Chamoli,391114.0,83.48,73.2,94.18,1640,60609,7023,8.630072618539085,41.931508460448875
0.0,Uttarakhand,Rudraprayag,236857.0,82.09,70.94,94.97,986,39155,4268,9.174086223055296,41.62849314143133
0.0,Uttarakhand,Tehri Garhwal,616409.0,75.1,61.77,89.91,2471,100349,10513,9.54522971559022,40.08702014409264
0.0,Uttarakhand,Dehradun,1698560.0,85.24,79.61,90.32,2449,281893,12948,21.77116156935434,14.418095327807082
0.0,Uttarakhand,Garhwal,686527.0,82.59,73.26,93.18,2676,98256,11208,8.766595289079229,38.97880199904738
0.0,Uttarakhand,Pithoragarh,485993.0,82.93,72.97,93.45,1987,72897,8673,8.405050155655482,40.88536254637412
0.0,Uttarakhand,Bageshwar,259840.0,80.69,69.59,93.2,995,40231,3428,11.735997666277713,38.29279556650246
0.0,Uttarakhand,Almora,621927.0,81.06,70.44,93.57,2241,89753,7878,11.392866209697893,36.03316787983156
0.0,Uttarakhand,Champawat,259315.0,80.73,68.81,92.65,854,44852,3676,12.201305767138194,32.9329194223242
0.0,Uttarakhand,Nainital,955128.0,84.85,78.21,91.09,1991,158884,10085,15.754486861675757,20.84537360437554
0.0,Uttarakhand,Udham Singh Nagar,1648367.0,74.44,65.73,82.48,2105,323937,14612,22.169244456611004,12.770214400069886
0.0,Uttarakhand,Hardwar,1927029.0,74.62,65.96,82.26,1913,342197,9827,34.8221227231098,9.92719881226489
0.0,Haryana,Panchkula,558890.0,83.44,77.48,88.65,554,90031,4789,18.79954061390687,9.912505144124962
0.0,Haryana,Ambala,1136784.0,82.89,76.64,88.47,1083,151767,9139,16.606521501258342,9.52687581809737
0.0,Haryana,Yamunanagar,1214162.0,78.93,71.99,85.06,1287,159168,8411,18.923790274640353,10.599903472518495
0.0,Haryana,Kurukshetra,964231.0,76.7,69.18,83.46,1083,135462,8147,16.62722474530502,11.231748408835642
0.0,Haryana,Kaithal,1072861.0,70.56,60.69,79.33,918,159659,9180,17.392047930283223,8.556560449116894
0.0,Haryana,Karnal,1506323.0,76.44,68.29,83.73,1346,229568,13109,17.512243496834238,8.935666520394363
0.0,Haryana,Panipat,1202811.0,77.46,68.23,85.45,790,182944,8763,20.876868652288028,6.567947915341645
0.0,Haryana,Sonipat,1480080.0,80.83,70.88,89.4,1260,213429,13680,15.601535087719299,8.51305334846765
0.0,Haryana,Jind,1332042.0,72.73,61.58,82.49,1091,184539,10732,17.19521058516586,8.190432433812147
0.0,Haryana,Fatehabad,941522.0,69.13,59.29,78.1,911,139636,7225,19.326782006920414,9.675822763567925
0.0,Haryana,Sirsa,1295114.0,70.35,61.16,78.64,1159,188907,9921,19.041124886604173,8.949019159703317
0.0,Haryana,Hisar,1742815.0,73.24,62.31,82.79,1483,241866,15957,15.157360406091371,8.5092221492241
0.0,Haryana,Bhiwani,1629109.0,76.74,64.8,87.39,1671,232710,15314,15.195899177223456,10.257140559655614
0.0,Haryana,Rohtak,1058683.0,80.37,71.19,88.42,766,136887,8001,17.108736407949007,7.235404743440671
0.0,Haryana,Jhajjar,956907.0,80.83,70.96,89.44,894,135248,9273,14.585139652755311,9.34260069160326
0.0,Haryana,Mahendragarh,921680.0,78.87,65.25,91.28,1053,117341,8580,13.676107226107225,11.424789514799063
0.0,Haryana,Rewari,896129.0,82.23,70.54,92.92,933,122270,8056,15.177507447864945,10.411447459015388
0.0,Haryana,Gurgaon,1514085.0,84.44,77.64,90.27,959,229219,10013,22.892140217716967,6.333858402929822
0.0,Haryana,Faridabad,1798954.0,83.04,75.17,89.94,1032,300394,11474,26.18040787868224,5.736666974252816
0.0,Haryana,Mewat,1089406.0,56.14,37.58,72.98,992,195218,6155,31.71697806661251,9.105879717938032
0.0,Haryana,Palwal,1040493.0,70.32,56.4,82.6,1003,184681,9051,20.404485692188707,9.639661199066213
0.0,Delhi,North West Delhi,3651261.0,84.66,78.76,89.74,1181,657823,30512,21.55948479286838,3.23449898541901
0.0,Delhi,North Delhi,883418.0,86.81,81.92,91.06,343,134579,5753,23.392838519033546,3.8826467198993004
0.0,Delhi,North East Delhi,2240749.0,82.8,76.51,88.39,866,449376,17056,26.347091932457786,3.8647791430454723
0.0,Delhi,East Delhi,1707725.0,88.75,84.55,92.47,624,316321,14657,21.58156512246708,3.6539841016557117
0.0,Delhi,New Delhi,133713.0,89.38,84.83,93.04,95,57254,3613,15.846664821477995,7.104769169789026
0.0,Delhi,Central Delhi,578671.0,85.25,82.6,87.6,241,79757,4328,18.428142329020332,4.16471535639422
0.0,Delhi,West Delhi,2531583.0,87.12,82.5,91.17,808,458378,21238,21.582917412185704,3.1916788823435773
0.0,Delhi,South West Delhi,2292363.0,88.81,83.07,93.62,742,391118,20708,18.88728993625652,3.236834654895407
0.0,Delhi,South Delhi,2733752.0,87.03,80.99,92.2,851,462404,20984,22.03602744948532,3.1129378231822056
0.0,Rajasthan,Ganganagar,1969520.0,70.25,60.07,79.33,3237,312292,19968,15.639623397435898,16.43547666436492
0.0,Rajasthan,Hanumangarh,1779650.0,68.37,56.91,78.82,2155,288090,16227,17.753743760399335,12.10912258028264
0.0,Rajasthan,Bikaner,2367745.0,65.92,53.77,76.9,3386,429601,20970,20.486456843109202,14.300526450272306
0.0,Rajasthan,Churu,2041172.0,67.46,54.25,79.95,2667,372772,20009,18.63021640261882,13.066022853537085
0.0,Rajasthan,Jhunjhunun,2139658.0,74.72,61.15,87.88,3012,347288,22884,15.176018178640097,14.077016046489673
0.0,Rajasthan,Alwar,3671999.0,71.68,56.78,85.08,5269,671048,35860,18.712994980479642,14.34913244802082
0.0,Rajasthan,Bharatpur,2549121.0,71.16,54.63,85.7,3267,457541,23770,19.248674800168278,12.816182519386095
0.0,Rajasthan,Dhaulpur,1207293.0,70.14,55.45,82.53,1811,282662,11464,24.65648988136776,15.000501121103163
0.0,Rajasthan,Karauli,1458459.0,67.34,49.18,82.96,2242,280956,12537,22.410145967934913,15.372389624939748
0.0,Rajasthan,Sawai Madhopur,1338114.0,66.19,47.8,82.72,2032,239929,14098,17.018655128387007,15.185552202577657
0.0,Rajasthan,Dausa,1637226.0,69.17,52.33,84.54,2624,311127,15632,19.903211361310134,16.027109268970808
0.0,Rajasthan,Jaipur,6663971.0,76.44,64.63,87.27,9113,1201598,71009,16.921770479798337,13.675029498177588
0.0,Rajasthan,Sikar,2677737.0,72.98,58.76,86.66,3753,455099,27853,16.339317129214088,14.015566129160556
0.0,Rajasthan,Nagaur,3309234.0,64.08,48.63,78.9,5026,607084,31674,19.166635095030625,15.187804791078541
0.0,Rajasthan,Jodhpur,3685681.0,67.09,52.57,80.46,5772,690345,36067,19.14062716610752,15.6606065473382
0.0,Rajasthan,Jaisalmer,672008.0,58.04,40.23,73.09,1714,140125,6033,23.226421349245815,25.505648742276875
0.0,Rajasthan,Barmer,2604453.0,57.49,41.03,72.32,6020,553913,20241,27.365891013289858,23.114258541044897
0.0,Rajasthan,Jalor,1830151.0,55.58,38.73,71.83,2862,355573,14891,23.878382915855216,15.638053909212955
0.0,Rajasthan,Sirohi,1037185.0,56.02,40.12,71.09,1326,178076,8191,21.740446831888658,12.784604482324754
0.0,Rajasthan,Pali,2038533.0,63.23,48.35,78.16,2915,350914,19550,17.949565217391303,14.299498708139629
0.0,Rajasthan,Ajmer,2584913.0,70.46,56.42,83.93,3300,440529,24321,18.113112125323795,12.76638710857967
0.0,Rajasthan,Tonk,1421711.0,62.46,46.01,78.27,2572,236742,16555,14.300332225913621,18.090877822567315
0.0,Rajasthan,Bundi,1113725.0,62.31,47.0,76.52,1974,181398,11863,15.291073084380004,17.72430357583784
0.0,Rajasthan,Bhilwara,2410459.0,62.71,47.93,77.16,4214,405821,21351,19.007119104491593,17.482147590977487
0.0,Rajasthan,Rajsamand,1158283.0,63.93,48.44,79.52,2270,212737,11448,18.582896575821103,19.5979738975708
0.0,Rajasthan,Udaipur,3067549.0,62.74,49.1,75.91,5285,524431,26324,19.922162285366966,17.22873864443567
0.0,Rajasthan,Dungarpur,1388906.0,60.78,46.98,74.66,2980,277130,12920,21.44969040247678,21.455735665336604
0.0,Rajasthan,Banswara,1798194.0,57.2,43.47,70.8,3638,358606,15963,22.46482490759882,20.231409959103413
0.0,Rajasthan,Chittaurgarh,1544392.0,62.51,46.98,77.74,2638,235553,14112,16.691680839002267,17.081155561541372
0.0,Rajasthan,Kota,1950491.0,77.48,66.32,87.63,2414,306517,20941,14.63717109975646,12.376370872769986
0.0,Rajasthan,Baran,1223921.0,67.38,52.48,81.23,2270,222103,12180,18.23505747126437,18.54694870012035
0.0,Rajasthan,Jhalawar,1411327.0,62.13,47.06,76.47,2291,242529,12560,19.309633757961784,16.23294955740236
0.0,Rajasthan,Pratapgarh (Raj.),868231.0,56.3,42.4,70.13,1882,170006,6617,25.692307692307693,21.67625896794747
0.0,Uttar Pradesh,Saharanpur,3464228.0,72.03,63.3,79.77,4136,562658,18523,30.37618096420666,11.939167976241748
0.0,Uttar Pradesh,Muzaffarnagar,4138605.0,70.11,60.0,79.11,2831,405045,12185,33.24128026261797,6.840469191913701
0.0,Uttar Pradesh,Bijnor,3683896.0,70.43,61.45,78.7,5054,665816,19930,33.4077270446563,13.719171225246315
0.0,Uttar Pradesh,Moradabad,4773138.0,58.67,49.63,66.83,3606,596595,19452,30.67011104256632,7.554778428782072
0.0,Uttar Pradesh,Rampur,2335398.0,55.08,46.19,63.1,3313,464444,10186,45.59630865894365,14.18601882848234
0.0,Uttar Pradesh,Jyotiba Phule Nagar,1838771.0,65.7,53.77,76.53,2922,384034,11965,32.09644797325533,15.891048966945856
0.0,Uttar Pradesh,Meerut,3447405.0,74.8,65.69,82.91,2880,516812,15072,34.28954352441614,8.354109830437677
0.0,Uttar Pradesh,Baghpat,1302156.0,73.54,61.22,84.17,1166,225943,4943,45.70969047137366,8.954380273945672
0.0,Uttar Pradesh,Ghaziabad,4661452.0,85.0,81.42,88.16,1720,484714,9344,51.87435787671233,3.689837415466254
0.0,Uttar Pradesh,Gautam Buddha Nagar,1674714.0,82.2,72.78,90.23,1518,355272,9148,38.83602973327503,9.064234251340826
0.0,Uttar Pradesh,Bulandshahr,3498507.0,70.23,56.6,82.52,4051,566047,17019,33.259709736177214,11.579225080870211
0.0,Uttar Pradesh,Aligarh,3673849.0,69.61,57.48,80.24,4200,563802,19401,29.060460800989638,11.432151947453473
0.0,Uttar Pradesh,Hathras,1565678.0,73.1,60.79,83.83,2352,293459,10023,29.278559313578768,15.022245953510236
0.0,Uttar Pradesh,Mathura,2541894.0,72.65,58.93,84.39,3255,526632,14867,35.42288289500235,12.805412027409481
0.0,Uttar Pradesh,Agra,4380793.0,69.44,59.16,78.32,4896,705266,19528,36.11562884063908,11.176058763790026
0.0,Uttar Pradesh,Firozabad,2496761.0,74.6,64.8,83.08,3259,402974,12655,31.843065981825365,13.052911351947582
0.0,Uttar Pradesh,Etah,1761152.0,73.27,61.72,83.21,3126,371071,14700,25.242925170068027,17.749745621048042
0.0,Uttar Pradesh,Mainpuri,1847194.0,78.26,68.35,86.93,3525,378402,16611,22.7802058876648,19.08299832069615
0.0,Uttar Pradesh,Budaun,3712738.0,52.91,41.76,62.39,3407,538830,13110,41.100686498855836,9.176516091358991
0.0,Uttar Pradesh,Bareilly,4465344.0,60.52,50.35,69.47,4366,785984,19436,40.43959662481992,9.777522179702169
0.0,Uttar Pradesh,Pilibhit,2037225.0,63.58,52.43,73.46,2554,338027,7544,44.80739660657476,12.536661389880843
0.0,Uttar Pradesh,Shahjahanpur,3002376.0,61.61,51.73,70.09,4479,644510,15986,40.31715250844489,14.918184797640269
0.0,Uttar Pradesh,Kheri,4013634.0,62.71,52.62,71.58,4872,714745,17744,40.28094003606853,12.13862549500029
0.0,Uttar Pradesh,Sitapur,4474446.0,63.38,52.8,72.61,5522,1035255,20510,50.475621647976595,12.341192630327866
0.0,Uttar Pradesh,Hardoi,4091380.0,68.89,59.17,77.2,5480,815203,20110,40.53719542516161,13.394013755749894
0.0,Uttar Pradesh,Unnao,3110595.0,68.29,58.54,77.06,4406,436038,16864,25.856143263757115,14.164492645297765
0.0,Uttar Pradesh,Lucknow,4588455.0,79.33,73.88,84.27,4840,1099270,19038,57.740834121231224,10.548212851602555
0.0,Uttar Pradesh,Rae Bareli,3404004.0,69.04,58.06,79.39,3476,495172,12379,40.000969383633574,10.21150386427278
0.0,Uttar Pradesh,Farrukhabad,1887577.0,70.57,60.51,79.34,2705,385391,11541,33.39320682783121,14.330541217656286
0.0,Uttar Pradesh,Kannauj,1658005.0,74.01,64.46,82.36,2533,326138,10111,32.25576105231926,15.277396630287605
0.0,Uttar Pradesh,Etawah,1579160.0,79.99,71.16,87.64,3098,311574,11957,26.057874048674417,19.618024772663947
0.0,Uttar Pradesh,Auraiya,1372287.0,80.25,71.97,87.37,2499,295099,9649,30.583376515701108,18.21047637994093
0.0,Uttar Pradesh,Kanpur Dehat,1795092.0,77.52,68.48,85.27,2821,226156,11842,19.097787535889207,15.715071985168448
0.0,Uttar Pradesh,Kanpur Nagar,4572951.0,81.31,76.89,85.07,4643,748981,19282,38.84353282854476,10.153181173382352
0.0,Uttar Pradesh,Jalaun,1670718.0,75.16,63.88,84.89,2736,276764,9235,29.96903086085544,16.37619275066169
0.0,Uttar Pradesh,Jhansi,2000755.0,76.37,64.88,86.58,2577,326477,13677,23.870512539299554,12.880137748000129
0.0,Uttar Pradesh,Lalitpur,1218002.0,64.95,52.26,76.41,1973,260999,7874,33.14693929387859,16.198659772315644
0.0,Uttar Pradesh,Hamirpur (U.P.),1104021.0,70.16,57.19,81.27,1860,197227,8221,23.990633742853667,16.847505618099657
0.0,Uttar Pradesh,Mahoba,876055.0,66.94,54.65,77.72,1380,162594,4487,36.236683753064405,15.75243563474896
0.0,Uttar Pradesh,Banda,1799541.0,68.11,54.95,79.38,2547,363167,10087,36.003469812630115,14.153609170338436
0.0,Uttar Pradesh,Chitrakoot,990626.0,66.52,54.03,77.42,1749,232003,6276,36.96669853409815,17.655502682142405
0.0,Uttar Pradesh,Fatehpur,2632684.0,68.78,57.76,78.69,3967,421160,16346,25.765324850116237,15.068272530998783
0.0,Uttar Pradesh,Pratapgarh,3173752.0,73.1,60.99,85.29,4543,734708,15452,47.54776080766244,14.314287946884319
0.0,Uttar Pradesh,Kaushambi,1596909.0,63.69,50.76,75.35,2001,254902,7287,34.9803760120763,12.530457277152298
0.0,Uttar Pradesh,Allahabad,5959798.0,74.41,62.67,85.0,5629,1077434,29538,36.47620014896066,9.444950986593842
0.0,Uttar Pradesh,Barabanki,3257983.0,63.76,54.1,72.49,3830,510033,17337,29.41875757051393,11.75573967083315
0.0,Uttar Pradesh,Faizabad,2468371.0,70.63,60.72,80.21,3581,484939,17561,27.61454359091168,14.507543639104494
0.0,Uttar Pradesh,Ambedkar Nagar,2398709.0,74.37,64.62,83.95,3410,482161,15006,32.13121418099427,14.215980346094504
0.0,Uttar Pradesh,Sultanpur,3790922.0,71.14,60.17,81.99,3395,445630,13463,33.10034910495432,8.955604995301934
0.0,Uttar Pradesh,Bahraich,3478257.0,51.1,40.76,60.23,4143,643581,13757,46.78207458021371,11.911138251141304
0.0,Uttar Pradesh,Shrawasti,1114615.0,49.13,37.07,59.55,1591,215793,4994,43.21045254305166,14.273986982052099
0.0,Uttar Pradesh,Balrampur (U.P),2149066.0,51.76,40.92,61.66,2639,424050,7946,53.36647369745784,12.279753157883471
0.0,Uttar Pradesh,Gonda,3431386.0,61.16,49.13,72.23,4472,663830,18879,35.16234970072568,13.03263462635798
0.0,Uttar Pradesh,Siddharthnagar,2553526.0,61.81,49.61,73.79,3244,465197,9800,47.46908163265306,12.704002230641082
0.0,Uttar Pradesh,Basti,2461056.0,69.69,58.35,80.65,3233,481086,11537,41.69940192424374,13.136637280907058
0.0,Uttar Pradesh,Sant Kabir Nagar,1714300.0,69.01,56.99,80.72,1999,312846,7066,44.274837248797056,11.660736160531995
0.0,Uttar Pradesh,Maharajganj,2665292.0,64.3,50.14,77.62,3043,532679,8644,61.62413234613605,11.41713553336745
0.0,Uttar Pradesh,Gorakhpur,4436275.0,73.25,61.54,84.38,4415,717730,19892,36.081339231852,9.952043099221758
0.0,Uttar Pradesh,Kushinagar,3560830.0,67.66,54.74,80.1,4128,657910,15606,42.15750352428553,11.59280280159401
0.0,Uttar Pradesh,Deoria,3098637.0,73.53,61.34,86.07,3934,552984,19760,27.98502024291498,12.69590468325267
0.0,Uttar Pradesh,Azamgarh,4616509.0,72.69,62.65,83.08,5358,907064,25081,36.16538415533671,11.606172542932333
0.0,Uttar Pradesh,Mau,2205170.0,75.16,65.59,84.61,2376,410606,9506,43.19440353460972,10.774679503167555
0.0,Uttar Pradesh,Ballia,3223642.0,73.82,61.72,85.19,3614,576715,18817,30.648615613540947,11.210922304647971
0.0,Uttar Pradesh,Jaunpur,4476072.0,73.66,61.7,86.06,5585,854457,23212,36.81100292951921,12.477457913992447
0.0,Uttar Pradesh,Ghazipur,3622727.0,74.27,62.29,85.77,5611,789850,21380,36.94340505144995,15.488332408155514
0.0,Uttar Pradesh,Chandauli,1952713.0,73.86,63.07,83.58,2012,356838,9325,38.26680965147453,10.303613485443075
0.0,Uttar Pradesh,Varanasi,3682194.0,77.05,68.2,85.12,2488,509297,20383,24.986361183339056,6.756841165891856
0.0,Uttar Pradesh,Sambhal (Bhim Nagar),0.0,0.0,0.0,0.0,2300,379911,10375,36.617927710843375,inf
0.0,Uttar Pradesh,Mirzapur,2494533.0,70.38,58.77,80.83,3079,474028,12772,37.11462574381459,12.342991654149293
0.0,Uttar Pradesh,Sonbhadra,1862612.0,66.18,54.11,77.19,2955,374055,9368,39.92901366353544,15.864817793507184
0.0,Uttar Pradesh,Bhadoi,1554203.0,71.1,57.79,83.87,1703,284458,8592,33.10730912476723,10.957384588757067
0.0,Uttar Pradesh,Kanshiram Nagar,1438156.0,62.3,50.2,72.91,2255,283020,8308,34.06596051998074,15.679801078603433
0.0,Uttar Pradesh,Amethi - Csm Nagar,0.0,0.0,0.0,0.0,2457,305660,8165,37.435394978567054,inf
0.0,Uttar Pradesh,Shamli (Prabudh Nagar),0.0,0.0,0.0,0.0,1505,196570,6056,32.45871862615588,inf
0.0,Uttar Pradesh,Hapur (Panchsheel Nagar),0.0,0.0,0.0,0.0,1091,159861,5189,30.807670071304685,inf
0.0,Bihar,Pashchim Champaran,3922780.0,58.06,46.79,68.16,2925,919779,16027,57.38934298371498,7.4564467036132545
0.0,Bihar,Purba Champaran,5082868.0,58.26,47.36,68.02,3629,1219275,20308,60.03914713413433,7.1396699658539236
0.0,Bihar,Sheohar,656916.0,56.0,47.25,63.72,474,166094,2676,62.068011958146485,7.215534406225454
0.0,Bihar,Sitamarhi,3419622.0,53.53,43.4,62.56,2328,826781,12909,64.04686652722907,6.807769981594458
0.0,Bihar,Madhubani,4476044.0,60.9,48.3,72.53,3279,1013300,18644,54.34992490881785,7.325665252620394
0.0,Bihar,Supaul,2228397.0,59.65,46.63,71.65,1917,522168,10297,50.71069243468972,8.602596395525573
0.0,Bihar,Araria,2806200.0,55.1,45.18,64.15,2320,693900,13404,51.76812891674127,8.267407882545792
0.0,Bihar,Kishanganj,1690948.0,57.04,47.98,65.56,1749,437168,9133,47.86685645461513,10.34331037973965
0.0,Bihar,Purnia,3273127.0,52.49,43.19,61.09,2587,805684,13716,58.74044911052785,7.903756866140544
0.0,Bihar,Katihar,3068149.0,53.56,45.37,60.99,2168,728845,13696,53.21590245327103,7.066149655704466
0.0,Bihar,Madhepura,1994618.0,53.78,42.75,63.82,1604,529945,8387,63.18647907475855,8.041640053383656
0.0,Bihar,Saharsa,1897102.0,54.57,42.73,65.22,1464,494482,10632,46.50884123401053,7.717033665032243
0.0,Bihar,Darbhanga,3921971.0,58.26,46.88,68.58,2796,861444,17932,48.03948248940441,7.1290685219243075
0.0,Bihar,Muzaffarpur,4778610.0,65.68,56.82,73.61,3399,987593,19353,51.03048622952514,7.112947070382392
0.0,Bihar,Gopalganj,2558037.0,67.04,56.03,78.38,2043,599242,14774,40.56057939623663,7.986592844435011
0.0,Bihar,Siwan,3318176.0,71.59,60.35,82.77,2508,685259,17630,38.86891661939875,7.558369417414869
0.0,Bihar,Saran,3943098.0,68.57,56.89,79.71,2827,910450,17936,50.76103925066904,7.1694895739339985
0.0,Bihar,Vaishali,3495249.0,68.56,59.1,77.0,2321,676637,15425,43.86625607779579,6.640442497802017
0.0,Bihar,Samastipur,4254782.0,63.81,53.52,73.09,2884,908690,16837,53.96982835421987,6.778255619206813
0.0,Bihar,Begusarai,2954367.0,66.23,57.1,74.36,1796,676532,12867,52.5788451076397,6.079136410608432
0.0,Bihar,Khagaria,1657599.0,60.87,52.16,68.51,1128,405611,6861,59.118350094738375,6.80502341036644
0.0,Bihar,Bhagalpur,3032226.0,64.96,56.49,72.3,2038,643848,12480,51.590384615384615,6.721134902213754
0.0,Bihar,Banka,2029339.0,60.12,49.4,69.76,2208,454733,8342,54.51126828098777,10.880390117176084
0.0,Bihar,Munger,1359054.0,73.3,65.53,80.06,1234,299553,6567,45.6148926450434,9.079845245295624
0.0,Bihar,Lakhisarai,1000717.0,64.95,54.89,73.98,866,243046,5116,47.507036747458955,8.653795228820936
0.0,Bihar,Sheikhpura,634927.0,65.96,54.93,76.14,600,157863,3018,52.307157057654074,9.449905264699721
0.0,Bihar,Nalanda,2872523.0,66.41,54.76,77.11,2646,612519,15609,39.2413991927734,9.211414495201604
0.0,Bihar,Patna,5772804.0,72.47,63.72,80.28,3958,963020,22321,43.14412436718785,6.856286823526314
0.0,Bihar,Bhojpur,2720155.0,72.79,60.2,84.08,2272,607399,14378,42.24502712477396,8.352465208784059
0.0,Bihar,Buxar,1707643.0,71.77,59.84,82.78,1307,389871,8320,46.85949519230769,7.653824599169734
0.0,Bihar,Kaimur (Bhabua),1626900.0,71.01,59.56,81.49,1306,358075,7676,46.64864512767066,8.027537033622227
0.0,Bihar,Rohtas,2962593.0,75.59,64.95,85.29,2603,658107,15558,42.300231392209795,8.786222069653173
0.0,Bihar,Jehanabad,1124176.0,68.27,56.24,79.3,993,244947,6501,37.6783571758191,8.833136448385305
0.0,Bihar,Aurangabad (Bihar),2511243.0,72.77,62.05,82.52,2369,630604,12337,51.11485774499473,9.433575325048194
0.0,Bihar,Gaya,4379383.0,66.35,55.9,76.02,3262,918806,16037,57.29288520296814,7.448537841974543
0.0,Bihar,Nawada,2216653.0,61.63,51.09,71.4,1918,557189,11551,48.237295472253486,8.652684926328117
0.0,Bihar,Jamui,1756078.0,62.16,49.44,73.77,1848,456726,8851,51.60162693480962,10.523450552879769
0.0,Bihar,Arwal,699563.0,69.54,56.85,81.27,592,166600,3771,44.17926279501459,8.462425828695915
0.0,Sikkim,North Sikkim,43354.0,77.39,69.92,83.03,118,6450,1221,5.282555282555283,27.21778843935969
0.0,Sikkim,West Sikkim,136299.0,78.69,72.12,84.86,360,26710,3873,6.896462690420862,26.41251953425924
0.0,Sikkim,South Sikkim,146742.0,82.06,76.57,87.06,371,25664,3973,6.459602315630506,25.282468550244648
0.0,Sikkim,East Sikkim,281293.0,84.67,79.41,89.22,430,46473,6010,7.73261231281198,15.286551744977658
0.0,Arunachal Pradesh,Tawang,49950.0,60.61,48.75,68.54,151,6654,820,8.114634146341464,30.23023023023023
0.0,Arunachal Pradesh,West Kameng,87013.0,69.4,60.8,75.66,249,15419,1209,12.753515301902398,28.61641363934125
0.0,Arunachal Pradesh,East Kameng,78413.0,62.48,54.18,70.95,301,16891,1183,14.278106508875739,38.386492035759375
0.0,Arunachal Pradesh,Papum Pare,176385.0,82.14,76.65,87.33,421,48711,3529,13.803060357041655,23.868242764407405
0.0,Arunachal Pradesh,Lower Subansiri,82839.0,76.33,70.1,82.4,300,18820,1536,12.252604166666666,36.21482634990765
0.0,Arunachal Pradesh,Upper Subansiri,83205.0,63.96,60.51,67.36,287,26763,1149,23.29242819843342,34.49311940388198
0.0,Arunachal Pradesh,West Siang,112272.0,67.62,60.76,73.89,307,22640,1988,11.388329979879275,27.344306683767993
0.0,Arunachal Pradesh,East Siang,99019.0,73.54,67.9,78.94,180,18004,1631,11.03862660944206,18.17832941152708
0.0,Arunachal Pradesh,Upper Siang,35289.0,59.94,55.22,64.09,119,8115,739,10.98105548037889,33.721556292329055
0.0,Arunachal Pradesh,Dibang Valley,7948.0,64.8,59.1,69.39,30,1180,151,7.814569536423841,37.7453447408153
0.0,Arunachal Pradesh,Lohit,145538.0,69.88,61.62,77.25,106,10112,664,15.228915662650602,7.283321194464676
0.0,Arunachal Pradesh,Changlang,147951.0,61.9,52.08,70.8,362,31497,1575,19.99809523809524,24.467560205743794
0.0,Arunachal Pradesh,Tirap,111997.0,52.23,41.83,61.87,146,12371,774,15.983204134366925,13.036063465985697
0.0,Arunachal Pradesh,Kurung Kumey,89717.0,50.67,44.31,57.28,194,12975,661,19.629349470499243,21.623549605983257
0.0,Arunachal Pradesh,Lower Dibang Valley,53986.0,70.38,63.56,76.62,129,12733,819,15.547008547008547,23.8950839106435
0.0,Arunachal Pradesh,Anjaw,21089.0,59.4,46.39,69.54,100,3895,397,9.811083123425693,47.418085257717294
0.0,Arunachal Pradesh,Longding,0.0,0.0,0.0,0.0,100,15711,430,36.53720930232558,inf
0.0,Arunachal Pradesh,Namsai,0.0,0.0,0.0,0.0,231,17903,1131,15.829354553492484,inf
0.0,Arunachal Pradesh,Kra Dadi,0.0,0.0,0.0,0.0,170,13662,629,21.72019077901431,inf
0.0,Arunachal Pradesh,Siang,0.0,0.0,0.0,0.0,129,8402,569,14.766256590509666,inf
0.0,Nagaland,Mon,250671.0,56.6,52.39,60.38,307,40621,2529,16.062079873467773,12.247128706551614
0.0,Nagaland,Tuensang,196801.0,73.7,70.4,76.76,252,30829,2590,11.903088803088803,12.804812983673862
0.0,Nagaland,Mokokchung,193171.0,92.68,91.74,93.55,284,25122,3642,6.897858319604613,14.70199978257606
0.0,Nagaland,Zunheboto,141014.0,86.26,83.61,88.86,291,29248,2717,10.764814133235186,20.636248883089625
0.0,Nagaland,Wokha,166239.0,87.6,84.58,90.53,213,26322,1925,13.673766233766234,12.812877844549114
0.0,Nagaland,Dimapur,379769.0,85.44,82.54,88.07,489,93037,7158,12.997625034925957,12.876248456298436
0.0,Nagaland,Kohima,270063.0,85.58,81.56,89.28,290,38308,4200,9.120952380952382,10.738235152538483
0.0,Nagaland,Phek,163294.0,79.13,73.5,84.53,246,25718,1989,12.93011563599799,15.0648523521991
0.0,Nagaland,Longleng,74033.0,71.1,65.44,75.6,115,9582,1093,8.766697163769441,15.53361338862399
0.0,Nagaland,Kiphire,50593.0,73.1,70.35,76.54,145,15249,1035,14.733333333333333,28.66009131698061
0.0,Nagaland,Peren,94954.0,79.0,73.57,83.96,167,15660,1442,10.859916782246879,17.58746340333214
0.0,Manipur,Senapati,354972.0,75.0,68.8,80.85,876,77864,5552,14.02449567723343,24.678002772049627
0.0,Manipur,Tamenglong,140143.0,70.4,63.76,76.74,419,25137,2490,10.095180722891566,29.898032723717918
0.0,Manipur,Churachandpur,271274.0,84.29,80.13,88.34,588,52986,4613,11.486234554519836,21.67550152244594
0.0,Manipur,Bishnupur,240363.0,76.35,67.29,85.52,367,44635,3102,14.38910380399742,15.26857295007967
0.0,Manipur,Thoubal,420517.0,76.66,67.57,85.9,558,76088,4927,15.443068804546376,13.269380310427401
0.0,Manipur,Imphal West,514683.0,86.7,80.71,92.93,588,85546,6316,13.544331855604813,11.424507900979826
0.0,Manipur,Imphal East,452661.0,82.81,75.92,89.86,673,79524,6306,12.610846812559467,14.867638254676237
0.0,Manipur,Ukhrul,183115.0,81.87,77.47,86.05,425,37351,3314,11.270669885334943,23.209458536984958
0.0,Manipur,Chandel,144028.0,70.85,63.26,77.93,371,23465,2316,10.131692573402418,25.75888021773544
0.0,Mizoram,Mamit,85757.0,85.96,81.37,90.15,331,20230,1588,12.739294710327457,38.59743227958067
0.0,Mizoram,Kolasib,83054.0,94.54,93.53,95.5,232,19372,1442,13.434119278779473,27.93363353962482
0.0,Mizoram,Aizawl,404054.0,98.5,98.0,99.01,716,65891,5207,12.654311503744959,17.720403708415212
0.0,Mizoram,Champhai,125370.0,93.51,92.2,94.8,359,25773,2140,12.043457943925233,28.635239690516073
0.0,Mizoram,Serchhip,64875.0,98.76,98.28,99.24,179,11477,1081,10.617021276595745,27.591522157996145
0.0,Mizoram,Lunglei,154094.0,89.4,85.85,92.74,587,32157,3044,10.564060446780552,38.093631160200914
0.0,Mizoram,Lawngtlai,117444.0,66.41,57.62,74.68,459,26882,2467,10.896635589785165,39.082456319607644
0.0,Mizoram,Saiha,56366.0,88.41,85.8,91.0,209,12535,1513,8.284864507600792,37.07909023169996
0.0,Tripura,West Tripura,1724619.0,88.91,84.76,92.91,704,122137,11272,10.835432931156848,4.08206102333327
0.0,Tripura,South Tripura,875144.0,85.41,79.64,90.94,660,68496,5194,13.187524066230266,7.541616008336914
0.0,Tripura,Dhalai,377988.0,86.82,80.83,92.45,877,72330,5090,14.210216110019646,23.201794765971407
0.0,Tripura,North Tripura,693281.0,88.29,84.69,91.77,509,67469,4220,15.987914691943129,7.341900326130386
0.0,Tripura,Sepahijala,0.0,0.0,0.0,0.0,636,77469,6527,11.869005668760533,inf
0.0,Tripura,Khowai,0.0,0.0,0.0,0.0,489,44511,5586,7.968313641245972,inf
0.0,Tripura,Gomati,0.0,0.0,0.0,0.0,603,67610,5673,11.917856513308655,inf
0.0,Tripura,Unakoti,0.0,0.0,0.0,0.0,366,49490,3051,16.22091117666339,inf
0.0,Meghalaya,West Garo Hills,642923.0,68.38,63.34,73.31,2100,128071,7241,17.686921695898356,32.66332049094526
0.0,Meghalaya,East Garo Hills,317618.0,75.51,71.32,79.56,772,46025,2364,19.46912013536379,24.305927245936942
0.0,Meghalaya,South Garo Hills,142574.0,72.39,67.72,76.77,1001,45289,2833,15.986233674549947,70.20915454430681
0.0,Meghalaya,West Khasi Hills,385601.0,79.3,78.3,80.29,1753,85077,4948,17.19421988682296,45.46150035917957
0.0,Meghalaya,Ri Bhoi,258380.0,77.22,75.85,78.52,1151,74442,3693,20.157595450852966,44.546791547333385
0.0,Meghalaya,East Khasi Hills,824059.0,84.7,84.15,85.26,2445,179431,10402,17.24966352624495,29.670205652750592
0.0,Meghalaya,Jaintia Hills,392852.0,63.26,66.71,59.75,1080,63738,3849,16.55962587685113,27.49126897661206
0.0,Meghalaya,North Garo Hills,0.0,0.0,0.0,0.0,725,42547,2247,18.935024477080553,inf
0.0,Meghalaya,East Jaintia Hills,0.0,0.0,0.0,0.0,647,35189,1837,19.15568862275449,inf
0.0,Meghalaya,South West Khasi Hills,0.0,0.0,0.0,0.0,876,35960,2488,14.453376205787782,inf
0.0,Meghalaya,South West Garo Hills,0.0,0.0,0.0,0.0,727,39844,2246,17.739982190560998,inf
0.0,Assam,Kokrajhar,886999.0,66.63,59.54,73.44,2687,173313,10242,16.921792618629173,30.2931570385085
0.0,Assam,Dhubri,1948632.0,59.36,54.26,64.2,4200,440032,17314,25.41480882522814,21.553582205362535
0.0,Assam,Goalpara,1008959.0,68.67,64.53,72.67,2436,202283,9849,20.53843029749213,24.143696621963826
0.0,Assam,Bongaigaon,732639.0,70.44,65.18,75.48,1429,139778,6510,21.471274961597544,19.50483116514409
0.0,Assam,Barpeta,1693190.0,65.03,59.04,70.72,3318,311222,16627,18.717868527094485,19.596146917947777
0.0,Assam,Kamrup-Rural,1517202.0,72.81,67.69,77.64,3046,227423,13866,16.40148564834848,20.07643016552839
0.0,Assam,Nalbari,769919.0,79.89,73.85,85.58,1622,117067,8300,14.104457831325302,21.06715121980364
0.0,Assam,Darrang,908090.0,64.55,60.4,68.36,1612,164248,8214,19.99610421232043,17.751544450439933
0.0,Assam,Morigaon,957853.0,69.37,64.99,73.66,1866,180085,8730,20.628293241695303,19.4810685982087
0.0,Assam,Nagaon,2826006.0,73.78,69.21,78.19,4209,506564,22482,22.53198114046793,14.893811265793492
0.0,Assam,Sonitpur,1925975.0,69.96,62.53,76.98,3063,313780,13266,23.652947384290666,15.903633224730331
0.0,Assam,Lakhimpur,1040644.0,78.39,71.91,84.66,3222,199860,15184,13.162539515279242,30.96159685733065
0.0,Assam,Dhemaji,688077.0,69.07,62.13,75.66,2152,135268,8532,15.854195968120019,31.27556944934942
0.0,Assam,Tinsukia,1316948.0,70.92,63.54,77.89,1796,202981,8866,22.8943153620573,13.637592372667713
0.0,Assam,Dibrugarh,1327748.0,76.22,69.52,82.59,2178,193328,9619,20.098554943341302,16.40371516281704
0.0,Assam,Sibsagar,1150253.0,81.36,75.69,86.75,2669,162325,16135,10.060427641772543,23.20359086218423
0.0,Assam,Jorhat,1091295.0,83.42,78.22,88.38,2708,151133,10656,14.182901651651651,24.814555184436838
0.0,Assam,Golaghat,1058674.0,78.31,72.18,84.2,2048,160575,8898,18.046190155091033,19.34495415963743
0.0,Assam,Karbi Anglong,965280.0,73.52,64.62,82.12,2612,180824,10914,16.568077698369066,27.059506050058015
0.0,Assam,Dima Hasao,213529.0,78.99,72.15,85.34,1028,36383,4708,7.727909940526763,48.143343527108726
0.0,Assam,Cachar,1736319.0,80.36,74.62,85.85,3074,295456,14338,20.606500209234202,17.70412003785019
0.0,Assam,Karimganj,1217002.0,79.72,73.49,85.7,3071,257437,11955,21.53383521539105,25.234140946358345
0.0,Assam,Hailakandi,659260.0,75.26,68.54,81.61,3460,146017,12427,11.74997988251388,52.483087097654945
0.0,Assam,Baksa,953773.0,70.53,62.23,78.55,2313,142264,11935,11.919899455383327,24.251053447728125
0.0,Assam,Chirang,481818.0,64.71,57.87,71.35,1256,97163,5718,16.992479888072754,26.06793436525825
0.0,Assam,Udalguri,832769.0,66.6,59.17,73.79,1728,124866,7548,16.542925278219396,20.750051935170497
0.0,Assam,Kamrup-Metro,1260419.0,88.66,85.82,91.26,1091,170378,9168,18.583987783595113,8.65585174453892
0.0,West Bengal,Darjiling,1842034.0,79.92,73.74,85.94,1742,84356,8710,9.6849598163031,9.456937276944942
0.0,West Bengal,Jalpaiguri,3869675.0,73.79,66.65,80.61,2736,368738,15570,23.682594733461787,7.070361206044435
0.0,West Bengal,Koch Bihar,2822780.0,75.49,69.08,81.52,3684,472041,19076,24.745282029775634,13.05096394334663
0.0,West Bengal,Uttar Dinajpur,3000849.0,60.13,53.15,66.65,3299,606193,18183,33.33844800087994,10.993555490462866
0.0,West Bengal,Dakshin Dinajpur,1670931.0,73.86,67.81,79.63,2373,255595,11254,22.711480362537763,14.201663623453033
0.0,West Bengal,Maldah,3997970.0,62.71,57.84,67.27,4332,822768,28249,29.125561966795285,10.835499015750493
0.0,West Bengal,Murshidabad,7102430.0,67.53,63.88,71.02,6870,1299114,44239,29.36580844955808,9.672745806716856
0.0,West Bengal,Birbhum,3502387.0,70.9,64.07,77.42,4245,547566,21668,25.270721801735277,12.120305380302064
0.0,West Bengal,Barddhaman,7723663.0,77.15,70.47,83.44,6942,1000143,41693,23.98827141246732,8.987963353657454
0.0,West Bengal,Nadia,5168488.0,75.58,71.35,79.58,4516,663934,31127,21.329842259131944,8.737565028689241
0.0,West Bengal,North Twenty Four Parganas,10082852.0,84.95,81.05,88.66,7442,1003433,48782,20.56973883809602,7.380848196522175
0.0,West Bengal,Hugli,5520389.0,82.55,76.95,87.93,4431,595503,29243,20.363950347091613,8.026608269815767
0.0,West Bengal,Bankura,3596292.0,70.95,60.44,81.0,5194,514817,24827,20.73617432633826,14.442653711100212
0.0,West Bengal,Puruliya,2927965.0,65.38,51.29,78.85,4558,479074,19350,24.758346253229973,15.567125973158833
0.0,West Bengal,Haora,4841638.0,83.85,79.73,87.69,3671,565951,26396,21.440786482800423,7.582144720443784
0.0,West Bengal,Kolkata,4486679.0,87.14,84.98,89.08,2771,366489,27038,13.55458983652637,6.176060288690142
0.0,West Bengal,South  Twenty Four Parganas,8153176.0,78.57,72.09,84.72,7412,1226797,44629,27.488785318963007,9.090935851256
0.0,West Bengal,Purba Medinipur,5094238.0,87.66,81.81,93.14,6600,714830,38519,18.557854565279474,12.955814000052607
0.0,West Bengal,Paschim Medinipur,5943300.0,79.04,71.11,86.66,9606,862189,47003,18.343275961108866,16.162737872898894
0.0,West Bengal,Siliguri,509709.0,85.46,81.94,0.0,1312,230813,9167,25.178684411475945,25.74017723838504
0.0,West Bengal,Alipurduar,0.0,0.0,0.0,0.0,1987,228690,10923,20.936555891238672,inf
0.0,Jharkhand,Garhwa,1322387.0,62.18,49.43,74.0,1697,312813,6110,51.196890343698854,12.832854527456787
0.0,Jharkhand,Palamu,1936319.0,65.5,53.87,76.27,2924,468766,10358,45.25642015833172,15.100817582226897
0.0,Jharkhand,Chatra,1042304.0,62.14,51.91,71.85,2092,245938,6805,36.1407788390889,20.070919808424414
0.0,Jharkhand,Hazaribag,1734005.0,70.48,59.25,81.15,1864,315525,8624,36.58685064935065,10.749680652593273
0.0,Jharkhand,Kodarma,717169.0,68.35,54.77,81.25,957,154257,4380,35.21849315068493,13.344135064399048
0.0,Jharkhand,Giridih,2445203.0,65.12,50.33,79.08,3972,551766,13245,41.658437146092865,16.244050085003167
0.0,Jharkhand,Deoghar,1491879.0,66.34,52.39,79.13,2349,322958,8275,39.028157099697886,15.745244755104135
0.0,Jharkhand,Godda,1311382.0,57.68,44.9,69.56,1936,287169,6816,42.131602112676056,14.76305149834297
0.0,Jharkhand,Sahibganj,1150038.0,53.73,44.31,62.65,1711,261157,5521,47.30248143452273,14.877769256320226
0.0,Jharkhand,Pakaur,899200.0,50.17,41.23,59.02,1204,179744,4275,42.045380116959066,13.389679715302492
0.0,Jharkhand,Dumka,1321096.0,62.54,49.6,75.17,2720,263776,8002,32.96375906023494,20.5889655255939
0.0,Jharkhand,Dhanbad,2682662.0,75.71,64.7,85.68,2398,468680,11482,40.81867270510364,8.938882348950408
0.0,Jharkhand,Bokaro,2061918.0,73.48,61.46,84.5,2368,344828,12322,27.984742736568737,11.484452824991102
0.0,Jharkhand,Ranchi,2912022.0,77.13,68.2,85.63,3475,510529,16623,30.712205979666727,11.933288965536661
0.0,Jharkhand,Lohardaga,461738.0,68.29,57.86,78.62,787,99869,2749,36.32921062204438,17.04429784856347
0.0,Jharkhand,Gumla,1025656.0,66.92,56.97,76.87,2082,213360,7093,30.08036091921613,20.29920363162698
0.0,Jharkhand,Pashchimi Singhbhum,1501619.0,59.54,47.01,72.18,2490,300993,8058,37.35331347728965,16.582102384160027
0.0,Jharkhand,Purbi Singhbhum,2291032.0,76.13,67.33,84.51,2566,356202,13998,25.446635233604802,11.200192751563488
0.0,Jharkhand,Jamtara,790207.0,63.73,50.08,76.85,1274,145022,4238,34.21944313355356,16.12235781257316
0.0,Jharkhand,Saraikela-Kharsawan,1063458.0,68.85,56.19,81.01,1831,172308,5565,30.962803234501347,17.217417142943116
0.0,Jharkhand,Simdega,599813.0,67.59,59.38,75.84,1251,114922,4075,28.201717791411042,20.856500275919327
0.0,Jharkhand,Latehar,725673.0,61.23,50.26,71.8,1390,167750,4121,40.70613928658093,19.154633009633816
0.0,Jharkhand,Khunti,530299.0,64.51,53.71,75.33,1151,105129,3732,28.169614147909968,21.70473638456795
0.0,Jharkhand,Ramgarh,949159.0,73.92,63.49,83.51,952,158607,5399,29.377106871642898,10.029931760642842
0.0,Odisha,Bargarh,0.0,0.0,65.84,84.28,2164,186148,9502,19.590402020627238,inf
0.0,Odisha,Jharsuguda,0.0,0.0,70.05,86.27,877,76680,4699,16.31836560970419,inf
0.0,Odisha,Sambalpur,0.0,0.0,68.47,85.17,1729,141488,7979,17.732547938338136,inf
0.0,Odisha,Deogarh,312164.0,73.07,63.36,82.62,716,44183,3148,14.035260482846251,22.936661498443126
0.0,Odisha,Sundergarh,2080664.0,74.13,65.93,82.13,3154,315590,14860,21.23755047106326,15.158622439759617
0.0,Odisha,Keonjhar,1802777.0,69.0,58.7,79.22,3383,303300,14239,21.300653135753915,18.76549345814818
0.0,Odisha,Mayurbhanj,2513895.0,63.98,53.18,74.92,5027,430434,20398,21.101774683792527,19.996857466202844
0.0,Odisha,Balasore,2317419.0,80.66,72.95,88.06,3459,376255,16956,22.190080207596132,14.926088031555794
0.0,Odisha,Bhadrak,439917.0,72.51,60.44,89.92,2294,231103,11466,20.1555032269318,52.14620030596681
0.0,Odisha,Kendrapara,1439891.0,85.93,79.51,92.45,2423,198891,10611,18.743850720949958,16.82766264946444
0.0,Odisha,Jagatsinghpur,1136604.0,87.13,80.88,93.2,1961,139213,10136,13.734510655090766,17.253150613582214
0.0,Odisha,Cuttack,2618708.0,84.2,77.64,90.51,3199,308109,18079,17.0423696000885,12.215947711619624
0.0,Odisha,Jajpur,1826275.0,80.44,73.37,87.36,2892,275037,14147,19.441365660564077,15.83551217642469
0.0,Odisha,Dhenkanal,1192948.0,79.41,71.4,87.08,1901,158329,9262,17.094472036277264,15.935313190516267
0.0,Odisha,Angul,1271703.0,78.96,70.44,87.06,1932,184372,9370,19.67684098185699,15.192226486844806
0.0,Odisha,Nayagarh,962215.0,79.17,71.08,86.63,1466,124091,7193,17.25163353260114,15.235680175428568
0.0,Odisha,Khordha,2246341.0,87.51,82.06,92.55,2299,303326,16520,18.361138014527846,10.23442122099895
0.0,Odisha,Puri,1697983.0,85.37,78.67,91.84,2587,215238,12722,16.91856626316617,15.235723796999144
0.0,Odisha,Ganjam,3520151.0,71.88,61.84,81.85,4368,500987,21863,22.914833279970725,12.408558610127805
0.0,Odisha,Gajapati,575880.0,54.29,43.59,65.58,1553,104303,5660,18.42809187279152,26.96742376884073
0.0,Odisha,Kandhamal,731952.0,65.12,52.46,78.41,2173,144771,8233,17.584234179521438,29.687739086716068
0.0,Odisha,Boudh,1506522.0,83.25,76.49,84.49,911,70003,3609,19.396785813244666,6.047040799935215
0.0,Odisha,Sonepur,652107.0,74.42,63.63,84.78,1134,83829,4810,17.428066528066527,17.389784191858084
0.0,Odisha,Bolangir,1648574.0,65.5,53.77,77.08,2670,263886,11053,23.874604179860672,16.195815292489147
0.0,Odisha,Nuapada,606490.0,58.2,45.21,71.55,1225,111226,5434,20.46853146853147,20.19818958268067
0.0,Odisha,Kalahandi,1573054.0,60.22,47.27,73.34,2797,267607,10953,24.432301652515292,17.780699200408886
0.0,Odisha,Rayagada,961959.0,50.88,39.87,62.61,2352,173566,8144,21.31213163064833,24.45010650142054
0.0,Odisha,Nabarangpur,1218762.0,48.2,37.22,59.45,2064,229806,8282,27.747645496256943,16.935217868624065
0.0,Odisha,Koraput,1376934.0,49.87,38.92,61.29,2834,241469,10219,23.62941579410901,20.581959629147075
0.0,Odisha,Malkangiri,612727.0,49.49,38.95,60.29,1434,124844,5441,22.945046866384857,23.40357124788038
0.0,Chhattisgarh,Koriya,659039.0,71.41,61.01,81.52,1575,113829,6269,18.15744137821024,23.898433931831047
0.0,Chhattisgarh,Surguja,2361329.0,61.16,50.88,71.23,2144,149217,8609,17.332675107445695,9.079632698366046
0.0,Chhattisgarh,Jashpur,852043.0,68.6,59.05,78.24,2435,145254,8627,16.83713921409528,28.578369871004163
0.0,Chhattisgarh,Raigarh (Chhattisgarh),1493627.0,73.7,63.25,84.17,3217,235468,12242,19.234438817186735,21.53817519367285
0.0,Chhattisgarh,Korba,1206563.0,73.22,62.26,83.88,2272,199642,8687,22.98169678830436,18.830347027051218
0.0,Chhattisgarh,Janjgir - Champa,1620632.0,73.7,61.72,85.59,2815,304532,13566,22.448179271708682,17.369766856386892
0.0,Chhattisgarh,Bilaspur (Chhattisgarh),2662077.0,71.59,60.12,82.77,3024,377380,16425,22.97595129375951,11.359551207572132
0.0,Chhattisgarh,Kawardha,822239.0,61.95,48.94,74.99,1654,163730,6736,24.30671021377672,20.115805745044934
0.0,Chhattisgarh,Rajnandgaon,1537520.0,76.97,66.98,87.19,2939,256820,12163,21.114856532105566,19.115198501482908
0.0,Chhattisgarh,Durg,3343079.0,79.69,70.51,88.8,1436,247573,11410,21.697896581945663,4.295441417926408
0.0,Chhattisgarh,Raipur,4062160.0,76.43,66.21,86.5,2102,374087,18322,20.417367099661607,5.174586919274475
0.0,Chhattisgarh,Mahasamund,1032275.0,71.54,60.37,83.01,1991,175699,7901,22.237564865206934,19.287496064517693
0.0,Chhattisgarh,Dhamtari,799199.0,78.95,69.24,88.84,1515,122919,6980,17.610171919770774,18.956480175775994
0.0,Chhattisgarh,Kanker,748593.0,70.97,61.08,80.98,2342,119689,8595,13.92542175683537,31.285357998271426
0.0,Chhattisgarh,Baster,1411644.0,54.94,44.49,65.7,2379,140295,7266,19.30842279108175,16.852690905072382
0.0,Chhattisgarh,Dantewada,532791.0,42.67,32.88,52.69,869,47215,3001,15.73308897034322,16.310335572485272
0.0,Chhattisgarh,Kondagaon,0.0,0.0,0.0,0.0,1871,105105,5395,19.481927710843372,inf
0.0,Chhattisgarh,Narayanpur,0.0,0.0,0.0,58.97,591,27947,1685,16.585756676557864,inf
0.0,Chhattisgarh,Mungeli,0.0,0.0,0.0,0.0,1077,146682,5126,28.615294576667967,inf
0.0,Chhattisgarh,Bijapur,0.0,0.0,0.0,51.42,1053,48407,2362,20.49407281964437,inf
0.0,Chhattisgarh,Sukma,0.0,0.0,0.0,0.0,937,38346,2271,16.885072655217964,inf
0.0,Chhattisgarh,Balod,0.0,0.0,0.0,0.0,1375,113183,6137,18.442724458204335,inf
0.0,Chhattisgarh,Bemetara,0.0,0.0,0.0,0.0,1254,155982,5788,26.949205252246028,inf
0.0,Chhattisgarh,Balodabazar,0.0,0.0,0.0,0.0,2074,251020,10397,24.14350293353852,inf
0.0,Chhattisgarh,Gariaband,0.0,0.0,0.0,0.0,1511,96880,4974,19.47728186570165,inf
0.0,Chhattisgarh,Balrampur,0.0,0.0,0.0,0.0,2091,149423,6638,22.510244049412474,inf
0.0,Chhattisgarh,Surajpur,0.0,0.0,0.0,0.0,2162,151031,7155,21.108455625436758,inf
0.0,Madhya Pradesh,Sheopur,687952.0,58.02,44.45,70.3,1391,135666,4408,30.77722323049002,20.219433913994
0.0,Madhya Pradesh,Morena,1965137.0,72.07,57.64,84.2,3377,344904,11896,28.993275050437123,17.184552527381044
0.0,Madhya Pradesh,Bhind,1703562.0,76.59,63.96,87.2,3412,309035,11820,26.145093062605753,20.0286223806354
0.0,Madhya Pradesh,Gwalior,2030543.0,77.93,68.29,86.3,3288,353529,21096,16.758105802047783,16.192712983669885
0.0,Madhya Pradesh,Datia,786375.0,73.5,60.21,85.2,1526,130584,6294,20.74737845567207,19.40549992052138
0.0,Madhya Pradesh,Shivpuri,1725818.0,63.73,49.47,76.2,3509,346977,12683,27.357644090514864,20.332387308511095
0.0,Madhya Pradesh,Guna,1240938.0,65.1,52.53,76.6,2718,251975,11185,22.52793920429146,21.90278644057963
0.0,Madhya Pradesh,Tikamgarh,1444920.0,62.57,50.71,73.3,2691,299788,8853,33.86287134304755,18.623868449464332
0.0,Madhya Pradesh,Chhatarpur,1762857.0,64.9,54.34,74.2,3458,371976,13498,27.557860423766485,19.61588489593881
0.0,Madhya Pradesh,Panna,1016028.0,66.08,55.55,75.6,2729,205526,8672,23.699953874538746,26.859495998141785
0.0,Madhya Pradesh,Sagar,2378295.0,77.52,67.71,86.3,3830,426174,14973,28.462833099579242,16.103973644985167
0.0,Madhya Pradesh,Damoh,1263703.0,70.92,59.9,81.0,2365,226083,8068,28.022186415468518,18.71484043323471
0.0,Madhya Pradesh,Satna,2228619.0,73.79,63.42,83.4,4606,395292,18238,21.674087070950762,20.667507546153022
0.0,Madhya Pradesh,Rewa,2363744.0,73.42,62.49,83.7,5747,423630,16374,25.872114327592524,24.313123586987423
0.0,Madhya Pradesh,Umaria,643579.0,67.34,56.06,78.1,1300,118367,3461,34.20023114706732,20.19954038276575
0.0,Madhya Pradesh,Shahdol,1064989.0,68.36,58.16,78.3,2394,183552,6798,27.000882612533097,22.479105417990233
0.0,Madhya Pradesh,Sidhi,1126515.0,66.09,55.23,76.5,2786,227539,8537,26.65327398383507,24.731139842789485
0.0,Madhya Pradesh,Neemuch,825958.0,71.81,57.25,85.9,1662,122940,6875,17.882181818181817,20.12208853234668
0.0,Madhya Pradesh,Mandsaur,1339832.0,72.75,58.3,86.8,2477,208907,8854,23.594646487463294,18.487392449202588
0.0,Madhya Pradesh,Ratlam,1454483.0,68.03,56.45,79.4,2724,246002,11983,20.52924977050822,18.728304146559292
0.0,Madhya Pradesh,Ujjain,1986597.0,73.55,61.4,85.2,3216,317880,15115,21.030764141581212,16.188487146613028
0.0,Madhya Pradesh,Shajapur,1512353.0,70.17,56.36,83.2,1923,156034,7633,20.442028036158785,12.715285386414415
0.0,Madhya Pradesh,Dewas,1563107.0,70.53,58.27,82.1,3007,263520,12111,21.758731731483774,19.23732668333006
0.0,Madhya Pradesh,Jhabua,1024091.0,44.45,34.29,54.7,2602,221335,6561,33.73494894071026,25.407898321535882
0.0,Madhya Pradesh,Dhar,2184672.0,60.57,49.69,71.1,4921,371140,15490,23.959974176888316,22.525120475751052
0.0,Madhya Pradesh,Indore,3272335.0,82.32,74.89,89.2,3925,612388,17470,35.05369204350315,11.99449322884118
0.0,Madhya Pradesh,Khargone,1872413.0,63.98,53.68,74.0,4128,313858,13998,22.421631661665952,22.046418178040845
0.0,Madhya Pradesh,Barwani,1385659.0,50.23,43.07,57.3,3343,214455,8792,24.392060964513195,24.125704809047537
0.0,Madhya Pradesh,Khandwa,1309443.0,67.53,56.54,77.9,2006,229388,9139,25.099901520954152,15.319490806396308
0.0,Madhya Pradesh,Rajgarh,1546541.0,62.68,49.79,75.1,3420,280097,13306,21.05042837817526,22.11386571710676
0.0,Madhya Pradesh,Vidisha,1458212.0,72.08,61.67,81.4,3195,273637,12114,22.58849265312861,21.910394373383294
0.0,Madhya Pradesh,Bhopal,2368145.0,82.26,76.57,87.4,3089,431042,21989,19.602619491563964,13.043964791007307
0.0,Madhya Pradesh,Sehore,1311008.0,71.11,58.86,82.4,2827,221335,10994,20.132344915408403,21.563560252874122
0.0,Madhya Pradesh,Raisen,1331699.0,74.26,65.09,82.5,2973,228157,11217,20.340287064277437,22.32486470290959
0.0,Madhya Pradesh,Betul,1575247.0,70.14,61.63,78.4,3223,245960,10563,23.28505159519076,20.460283371433178
0.0,Madhya Pradesh,Harda,570302.0,74.04,64.3,83.1,1062,97529,4214,23.144043663977218,18.621712706601066
0.0,Madhya Pradesh,Hoshangabad,1240975.0,76.52,67.04,85.2,2209,224868,9863,22.799148332150462,17.800519752613873
0.0,Madhya Pradesh,Katni,1291684.0,73.62,62.47,84.2,2245,241874,7625,31.721180327868854,17.380411927375427
0.0,Madhya Pradesh,Jabalpur,2460714.0,82.47,75.3,89.1,3195,360989,15791,22.860426825406876,12.984036340671853
0.0,Madhya Pradesh,Narsimhapur,1092141.0,76.79,67.64,85.2,2027,167498,8263,20.270845939731334,18.55987459494699
0.0,Madhya Pradesh,Dindori,704218.0,65.47,53.49,77.6,2022,131327,4860,27.02201646090535,28.7126997605855
0.0,Madhya Pradesh,Mandla,1053522.0,68.28,57.2,79.5,2867,178389,6976,25.571817660550458,27.213480117168885
0.0,Madhya Pradesh,Chhindwara,2090306.0,72.21,63.38,80.8,4280,324014,14426,22.460418688479134,20.47547105543399
0.0,Madhya Pradesh,Seoni,1378876.0,73.01,64.14,81.8,3258,215173,10517,20.459541694399544,23.627940438444064
0.0,Madhya Pradesh,Balaghat,1701156.0,78.29,69.71,87.1,3249,253829,13144,19.31139683505782,19.098777537157087
0.0,Madhya Pradesh,Ashoknagar,844979.0,67.9,54.18,80.2,1736,166501,6389,26.06057285960244,20.54488928127208
0.0,Madhya Pradesh,Anuppur,749521.0,69.08,57.89,80.1,1789,117324,5147,22.79463765300175,23.868577398098253
0.0,Madhya Pradesh,Burhanpur,756993.0,65.28,57.12,73.1,910,123814,4307,28.74715579289529,12.021247224214754
0.0,Madhya Pradesh,Alirajpur,728677.0,37.22,30.97,43.6,2410,142319,5133,27.726280927332944,33.07363893741672
0.0,Madhya Pradesh,Singrauli,1178132.0,62.36,49.86,73.8,2335,248201,6692,37.089210998206816,19.819510886725766
0.0,Madhya Pradesh,Agar Malwa,0.0,0.0,0.0,0.0,1205,99648,4204,23.70313986679353,inf
0.0,Gujarat,Kachchh,2090313.0,71.58,61.62,80.6,2121,369518,13397,27.582145256400686,10.146805765452351
0.0,Gujarat,Banas Kantha,3116045.0,66.39,52.58,79.45,2730,588697,19361,30.40633231754558,8.761105824851695
0.0,Gujarat,Patan,1342746.0,73.47,62.01,84.28,965,220701,7523,29.336833709956135,7.186765032254797
0.0,Gujarat,Mahesana,2027727.0,84.26,76.12,91.88,1291,297501,10893,27.311209033324154,6.366734772481699
0.0,Gujarat,Sabar Kantha,2427346.0,76.6,65.29,87.45,1534,227556,9622,23.649553107462065,6.319659414026678
0.0,Gujarat,Gandhinagar,1387478.0,85.78,77.37,93.59,1002,237465,9413,25.227345160947625,7.221736128428703
0.0,Gujarat,Ahmedabad,7208200.0,86.65,80.29,92.44,2912,980356,28401,34.518362029506,4.039843511556283
0.0,Gujarat,Surendranagar,1755873.0,73.19,62.2,83.47,1143,249702,8947,27.909019783167544,6.509582412851043
0.0,Gujarat,Rajkot,3799770.0,82.2,75.26,88.67,1990,429430,16583,25.89579690044021,5.237159091208152
0.0,Gujarat,Jamnagar,2159130.0,74.4,65.97,82.35,1059,187042,7441,25.136675178067463,4.904753303413875
0.0,Gujarat,Porbandar,586062.0,76.63,68.32,84.56,458,80960,3434,23.57600465928946,7.814872829154595
0.0,Gujarat,Junagadh,2742291.0,76.88,67.59,85.8,1243,192807,9003,21.415861379540154,4.53270641226624
0.0,Gujarat,Amreli,1513614.0,74.49,66.97,81.82,1041,198141,8032,24.66894920318725,6.87757909215956
0.0,Gujarat,Bhavnagar,2877961.0,76.84,66.92,86.15,1329,372955,12448,29.96103791773779,4.617852708914402
0.0,Gujarat,Anand,2090276.0,85.79,77.76,93.23,1382,306127,10633,28.7902755572275,6.611567084920843
0.0,Gujarat,Kheda,2298934.0,84.31,74.67,93.4,1633,294323,10557,27.879416500899875,7.1032922215252805
0.0,Gujarat,Panch Mahals,2388267.0,72.32,59.95,84.07,1599,270973,9598,28.232235882475514,6.695231312076916
0.0,Gujarat,Dohad,2126558.0,60.6,49.02,72.14,1893,407510,12932,31.511753789050417,8.901708770698942
0.0,Gujarat,Vadodara,4157568.0,81.21,74.4,87.59,1724,424226,15259,27.801690805426304,4.146654967519473
0.0,Gujarat,Narmada,590379.0,73.29,63.62,82.6,791,84510,3491,24.20796333428817,13.398173037997626
0.0,Gujarat,Bharuch,1550822.0,83.03,76.79,88.8,1221,224389,8949,25.074198234439603,7.873243995764827
0.0,Gujarat,Surat,6079231.0,86.65,81.02,91.05,2447,838646,25624,32.72892600686856,4.025180158477281
0.0,Gujarat,The Dangs,226769.0,76.8,68.75,84.98,425,56331,2138,26.34752104770814,18.741538746477694
0.0,Gujarat,Navsari,1330711.0,84.78,79.3,90.06,905,161606,6254,25.840422129836906,6.800875622129824
0.0,Gujarat,Valsad,1703068.0,80.94,74.96,86.48,1284,252554,9392,26.890332197614992,7.539334894437569
0.0,Gujarat,Tapi,806489.0,69.23,61.69,76.86,922,104282,4387,23.770686118076135,11.432269999962802
0.0,Gujarat,Aravalli,0.0,0.0,0.0,0.0,1412,160069,7289,21.960351214158322,inf
0.0,Gujarat,Botad,0.0,0.0,0.0,0.0,355,110213,3481,31.661304222924446,inf
0.0,Gujarat,Devbhoomi Dwarka,0.0,0.0,0.0,0.0,837,114805,4473,25.666219539458975,inf
0.0,Gujarat,Gir Somnath,0.0,0.0,0.0,0.0,868,185779,7490,24.803604806408543,inf
0.0,Gujarat,Mahisagar,0.0,0.0,0.0,0.0,1366,158969,6785,23.429476787030215,inf
0.0,Gujarat,Chhotaudepur,0.0,0.0,0.0,0.0,1370,148309,5619,26.394198255917424,inf
0.0,Gujarat,Morbi,0.0,0.0,0.0,0.0,799,154262,6182,24.953413134907798,inf
0.0,Daman & Diu,Diu,52056.0,83.36,75.83,91.24,41,6795,328,20.716463414634145,7.876133394805594
0.0,Daman & Diu,Daman,190855.0,88.06,81.14,91.53,79,21183,835,25.368862275449104,4.139268030703938
0.0,Dadra & Nagar Haveli,Dadra And Nagar Haveli(Ut),342853.0,77.65,65.93,86.46,323,58974,2411,24.460389879717958,9.420947169778302
0.0,Maharashtra,Nandurbar,1646177.0,63.04,53.9,71.98,1988,265561,10600,25.052924528301887,12.076465653450388
0.0,Maharashtra,Dhule,2048781.0,74.61,66.21,82.59,1916,331141,12948,25.574683348779736,9.351902423929156
0.0,Maharashtra,Jalgaon,4224442.0,79.73,70.92,87.97,3121,640881,23349,27.44789926763459,7.387957983563274
0.0,Maharashtra,Buldana,2588039.0,82.09,72.95,90.69,2205,382100,15758,24.24800101535728,8.519964343659426
0.0,Maharashtra,Akola,1818617.0,87.55,81.91,92.89,1595,244765,11610,21.082256675279933,8.770400804567426
0.0,Maharashtra,Washim,1196714.0,81.7,72.26,90.54,1245,178688,7817,22.858897275169504,10.403488218571855
0.0,Maharashtra,Amravati,2887826.0,88.23,83.52,92.7,2599,370550,17851,20.757940731611676,8.999849713937058
0.0,Maharashtra,Wardha,1296157.0,87.22,81.89,92.27,1394,154329,8489,18.179879844504654,10.754869973313417
0.0,Maharashtra,Nagpur,4653171.0,89.52,85.07,93.76,3657,620005,30493,20.33269930803791,7.8591566912112185
0.0,Maharashtra,Bhandara,1198810.0,85.14,77.02,93.17,1226,148366,7924,18.723624432104998,10.226808251516086
0.0,Maharashtra,Gondiya,1322331.0,85.41,77.3,93.54,1505,168918,8946,18.881958417169685,11.381416604465901
0.0,Maharashtra,Gadchiroli,1071795.0,70.55,60.66,80.21,1931,142909,8605,16.607669959325975,18.01650502194916
0.0,Maharashtra,Chandrapur,2194262.0,81.35,73.65,88.73,2276,273822,14570,18.793548387096774,10.372507932051871
0.0,Maharashtra,Yavatmal,2775457.0,80.7,72.41,88.58,3030,388194,16855,23.031385345594778,10.917121036283394
0.0,Maharashtra,Nanded,3356566.0,76.94,66.68,86.62,3401,518978,21661,23.95909699459859,10.13237934245893
0.0,Maharashtra,Hingoli,1178973.0,76.04,64.73,86.73,1182,187660,7501,25.01799760031996,10.025674888228993
0.0,Maharashtra,Parbhani,1835982.0,75.22,64.27,85.66,1791,311721,11686,26.674739003936335,9.754997598015667
0.0,Maharashtra,Jalna,1958483.0,73.61,61.28,85.25,2137,320497,12041,26.617141433435762,10.91150650784306
0.0,Maharashtra,Aurangabad (Maharashtra),3695928.0,80.4,70.81,89.31,3579,669687,25396,26.369782642935895,9.683630200588322
0.0,Maharashtra,Nashik,6109052.0,80.96,73.43,88.03,4978,949304,32606,29.11439612341287,8.148563803352795
0.0,Maharashtra,Thane,11054131.0,86.18,80.78,90.9,3711,1175100,34269,34.290466602468705,3.3571159958209287
0.0,Maharashtra,Mumbai (Suburban),9332481.0,90.9,86.93,90.54,2367,837463,22600,37.05588495575221,2.5363030473890062
0.0,Maharashtra,Mumbai Ii,3145966.0,88.48,86.03,94.28,1252,645718,31251,20.66231480592621,3.97969971703445
0.0,Maharashtra,Raigarh (Maharashtra),2635394.0,83.89,76.79,90.68,3807,373062,19529,19.102975062727225,14.445657840914869
0.0,Maharashtra,Pune,9426959.0,87.19,81.13,92.72,6454,1350770,53549,25.224934172440197,6.8463223400038125
0.0,Maharashtra,Ahmadnagar,4543083.0,80.22,71.15,88.81,4916,655107,28298,23.15029330694749,10.820845668018833
0.0,Maharashtra,Bid,2585962.0,73.53,62.29,83.99,3505,439669,21071,20.86607185230886,13.55395013538482
0.0,Maharashtra,Latur,2455543.0,79.03,70.02,87.42,2341,408064,17856,22.85304659498208,9.533532909014422
0.0,Maharashtra,Osmanabad,1660311.0,76.33,66.67,85.31,1591,222307,10228,21.735138834571764,9.582542065914158
0.0,Maharashtra,Solapur,4315527.0,77.72,68.55,86.35,4437,630813,28220,22.353401842664777,10.281478947994069
0.0,Maharashtra,Satara,3003922.0,84.2,76.29,92.09,3583,358224,19106,18.74929341568094,11.927739801499506
0.0,Maharashtra,Ratnagiri,1612672.0,82.43,74.55,91.43,3099,189811,12259,15.483399951056366,19.21655488530836
0.0,Maharashtra,Sindhudurg,848868.0,86.54,79.73,93.68,1666,86617,6732,12.866458704693999,19.62613739709825
0.0,Maharashtra,Kolhapur,3874015.0,82.9,74.18,91.33,3173,481862,21769,22.13523818273692,8.190469061167807
0.0,Maharashtra,Sangli,2820575.0,82.62,74.66,90.4,2648,359536,16435,21.876239732278673,9.388156670182498
0.0,Maharashtra,Palghar,0.0,0.0,0.0,0.0,2907,561576,16460,34.117618469015795,inf
0.0,Andhra Pradesh,Srikakulam,2699471.0,62.3,52.56,72.25,3867,311935,16650,18.734834834834835,14.325028866766859
0.0,Andhra Pradesh,Vizianagaram,2342868.0,59.49,50.16,69.04,3348,263412,15064,17.486192246415296,14.290177679664412
0.0,Andhra Pradesh,Visakhapatnam,4288113.0,67.7,60.0,75.48,5202,493856,19466,25.370183910407892,12.131210161672513
0.0,Andhra Pradesh,East Godavari,5151549.0,71.35,67.82,74.91,5986,593110,32079,18.489042675893888,11.61980600398055
0.0,Andhra Pradesh,West Godavari,3934782.0,74.32,71.05,77.63,4400,426586,19885,21.452652753331655,11.182322171850943
0.0,Andhra Pradesh,Krishna,4529009.0,74.37,69.62,79.13,4443,463007,23972,19.314491907225097,9.810093113085005
0.0,Andhra Pradesh,Guntur,4889230.0,67.99,60.64,75.4,4739,524386,24723,21.210451806010596,9.692732802506734
0.0,Andhra Pradesh,Prakasam,3392764.0,63.53,53.4,73.54,4311,393546,20745,18.970643528561098,12.706454088760669
0.0,Andhra Pradesh,Nellore,2966082.0,69.15,62.3,75.93,4351,318825,17869,17.842352677821925,14.669183117661614
0.0,Andhra Pradesh,Kadapa,2884524.0,67.88,57.26,78.41,4486,347047,17753,19.548639666535234,15.551959352738962
0.0,Andhra Pradesh,Kurnool,4046601.0,61.13,50.81,71.36,4179,535571,23644,22.651454914566063,10.327185704743314
0.0,Andhra Pradesh,Anantapur,4083315.0,64.28,54.31,74.09,5024,476337,21170,22.500566839867737,12.303728710618701
0.0,Andhra Pradesh,Chittoor,4170468.0,72.36,63.65,81.15,6099,463692,23880,19.417587939698493,14.624257996944227
0.0,Karnataka,Belgaum,4778439.0,73.94,64.74,82.9,1847,309495,10715,28.884274381707886,3.865279016850482
0.0,Karnataka,Bagalkot,1890826.0,69.39,58.55,80.16,1822,317068,10068,31.49264998013508,9.636000351169278
0.0,Karnataka,Bijapur (Karnataka),2175102.0,67.2,56.54,77.41,2732,390367,13533,28.845562698588637,12.56033050404073
0.0,Karnataka,Gulbarga,2564892.0,65.65,55.87,0.0,2895,463732,15480,29.956847545219638,11.28702495075816
0.0,Karnataka,Bidar,1700018.0,71.01,61.66,79.94,2111,295146,10653,27.705435088707407,12.417515579246807
0.0,Karnataka,Raichur,1924773.0,60.46,49.56,71.35,2014,321473,10735,29.946250582207732,10.46357154843714
0.0,Karnataka,Koppal,1391292.0,67.28,56.22,78.21,1313,230145,7606,30.258348672100972,9.437271255782395
0.0,Karnataka,Gadag,1065235.0,75.18,65.29,84.89,863,152976,5480,27.915328467153284,8.101498730327112
0.0,Karnataka,Dharwad,1846993.0,80.3,73.57,86.83,1227,261323,9008,29.01010213143872,6.6432303749933
0.0,Karnataka,Uttara Kannada,1436847.0,84.03,78.21,89.72,1105,80940,4288,18.875932835820894,7.690449992239953
0.0,Karnataka,Haveri,1598506.0,77.6,70.65,84.22,1506,221045,8162,27.0822102425876,9.421297136200929
0.0,Karnataka,Bellary,2532383.0,67.85,58.28,77.24,2025,395103,11703,33.76083055626762,7.996420762578173
0.0,Karnataka,Chitradurga,1660378.0,73.82,66.05,81.37,2031,207234,8660,23.93002309468822,12.23215436484945
0.0,Karnataka,Davanagere,1946905.0,76.3,69.39,83.02,1955,258897,10465,24.7393215480172,10.041578813552793
0.0,Karnataka,Shimoga,1755512.0,80.5,74.89,86.11,2340,215092,9376,22.94069965870307,13.329444629259157
0.0,Karnataka,Udupi,1177908.0,86.29,81.41,91.69,973,124424,4705,26.445058448459086,8.260407434196898
0.0,Karnataka,Chikkamangalore,1137753.0,79.24,72.88,85.66,1751,122133,6970,17.522668579626973,15.389983590462958
0.0,Karnataka,Tumkur,2681449.0,74.32,66.45,82.05,2492,189213,8526,22.19247009148487,9.293482740115511
0.0,Karnataka,Kolar,1540231.0,74.33,66.56,81.94,2218,190120,8706,21.837813002526993,14.400437336996852
0.0,Karnataka,Bangalore U South,0.0,0.0,0.0,91.82,2865,742090,27925,26.57439570277529,inf
0.0,Karnataka,Bangalore Rural,987257.0,78.29,70.73,85.44,1376,122799,5971,20.565901858985093,13.93760692504586
0.0,Karnataka,Mandya,1808680.0,70.14,62.1,78.14,2125,183031,7936,23.063382056451612,11.74889975009399
0.0,Karnataka,Hassan,1776221.0,75.89,68.3,83.55,2781,184523,9476,19.472667792317434,15.656835495132643
0.0,Karnataka,Dakshina Kannada,2083625.0,88.62,84.04,93.31,1480,255389,7932,32.197302067574384,7.10300557921891
0.0,Karnataka,Kodagu,554762.0,82.52,77.91,87.24,546,65045,2785,23.35547576301616,9.842058396213151
0.0,Karnataka,Mysore,2994744.0,72.56,66.59,78.44,2628,357751,14257,25.093006943957356,8.775374456046995
0.0,Karnataka,Chamarajanagara,1020962.0,61.12,54.32,67.88,971,109686,4194,26.153075822603718,9.510638006115801
0.0,Karnataka,Bangalore U North,9588910.0,88.48,84.8,0.0,1871,477711,18865,25.322608004240656,1.951212390146534
0.0,Karnataka,Chikkaballapura,1254377.0,70.08,61.55,78.36,1805,150881,6662,22.648003602521765,14.3896133299638
0.0,Karnataka,Belgaum Chikkodi,0.0,0.0,0.0,0.0,2522,405329,12291,32.977707265478806,inf
0.0,Karnataka,Tumkur Madhugiri,0.0,0.0,0.0,0.0,1461,110711,4857,22.794111591517396,inf
0.0,Karnataka,Ramanagara,1082739.0,69.2,61.3,76.92,1585,117074,5456,21.457844574780058,14.638800301827125
0.0,Karnataka,Yadagiri,1172985.0,52.36,41.31,63.33,1265,220954,5515,40.06418857660925,10.784451634078868
0.0,Karnataka,Uttara Kannada Sirsi,0.0,0.0,0.0,89.72,1238,91473,3701,24.715752499324505,inf
0.0,Goa,North Goa,817761.0,88.85,83.74,93.77,889,107291,6529,16.43299126971971,10.87114694880289
0.0,Goa,South Goa,639962.0,85.53,79.42,91.56,573,89018,4853,18.342880692355244,8.953656623362013
0.0,Lakshadweep,Lakshadweep,64429.0,92.28,88.25,96.11,41,7576,888,8.531531531531531,6.36359403374257
0.0,Kerala,Kasaragod,1302600.0,89.85,86.13,93.93,767,178228,10690,16.672404115996258,5.888223552894211
0.0,Kerala,Kannur,2525637.0,95.41,93.57,97.54,1573,310592,19595,15.850574126052564,6.228131754484116
0.0,Kerala,Wayanad,816558.0,89.32,85.94,92.84,409,110779,5705,19.417879053461874,5.008829746325429
0.0,Kerala,Kozhikode,3089543.0,95.24,93.16,97.57,1611,384650,23387,16.447171505537263,5.214363418796889
0.0,Kerala,Malappuram,4110956.0,93.55,91.55,95.78,1848,662346,30502,21.714838371254345,4.495304741768095
0.0,Kerala,Palakkad,2810892.0,88.49,84.99,92.27,1249,345619,19424,17.793399917627678,4.443429345560057
0.0,Kerala,Thrissur,3110327.0,95.32,93.85,96.98,1239,350368,22013,15.91641302866488,3.983503985272288
0.0,Kerala,Ernakulam,3279860.0,95.68,94.27,97.14,1364,358890,23508,15.266717713118938,4.158714091455123
0.0,Kerala,Idukki,1107453.0,92.2,89.59,94.84,690,118308,7736,15.293174767321613,6.2305127170182395
0.0,Kerala,Kottayam,1979384.0,96.4,95.67,97.17,1139,207552,15708,13.213139801375096,5.754315484009166
0.0,Kerala,Alappuzha,2121943.0,96.26,94.8,97.9,1000,217972,14031,15.535029577364407,4.712661932954844
0.0,Kerala,Pathanamthitta,1195537.0,96.93,96.26,97.7,904,115179,10065,11.443517138599105,7.561455647127609
0.0,Kerala,Kollam,2629703.0,93.77,91.95,95.83,1227,296084,18010,16.4399777901166,4.665926152116798
0.0,Kerala,Thiruvananthapuram,3307284.0,92.66,90.89,94.6,1438,355849,23511,15.135425970822169,4.347978583030668
0.0,Tamil Nadu,Thiruvallur,3725697.0,83.82,78.39,89.18,2484,484702,29108,16.651848289130136,6.667208847096262
0.0,Tamil Nadu,Chennai,4681087.0,90.33,87.16,93.47,1472,529169,31452,16.824653440162788,3.144568772167661
0.0,Tamil Nadu,Kancheepuram,3990897.0,85.29,80.17,90.34,2495,503108,27965,17.99063114607545,6.251727368558997
0.0,Tamil Nadu,Vellore,3928106.0,79.65,72.43,86.96,3276,476439,28934,16.466406304002213,8.339897141268592
0.0,Tamil Nadu,Dharmapuri,1502900.0,64.71,60.03,69.16,1602,205612,13631,15.084146430929499,10.659391842437952
0.0,Tamil Nadu,Tiruvannamalai,2468965.0,74.72,65.71,83.73,2482,316662,18804,16.840140395660498,10.052795402121943
0.0,Tamil Nadu,Viluppuram,3463284.0,72.08,63.51,80.58,2930,438249,24747,17.709176869923628,8.460178258554597
0.0,Tamil Nadu,Salem,3480008.0,73.23,65.43,80.7,2399,438393,25908,16.92114404817045,6.89366231341997
0.0,Tamil Nadu,Namakkal,1721179.0,74.92,66.68,83.09,1354,195482,15221,12.842914394586426,7.8667006743633285
0.0,Tamil Nadu,Erode,2259608.0,72.96,65.07,80.81,2401,319136,22887,13.943985668720234,10.62573685347193
0.0,Tamil Nadu,The Nilgiris,735071.0,85.65,79.44,92.15,720,85580,6421,13.328142033951098,9.794972186360228
0.0,Tamil Nadu,Coimbatore,3472578.0,84.31,79.16,89.49,3113,616420,38264,16.109659209701025,8.964521459273197
0.0,Tamil Nadu,Dindigul,2161367.0,76.85,68.82,84.91,1929,290907,16219,17.936185954744435,8.92490724620113
0.0,Tamil Nadu,Karur,1076588.0,75.86,67.05,84.86,1044,123641,9026,13.698315976069134,9.697302960835529
0.0,Tamil Nadu,Tiruchirappalli,2713858.0,83.56,77.24,90.0,2077,346510,21540,16.08681522748375,7.653311263890742
0.0,Tamil Nadu,Perambalur,564511.0,74.68,66.11,83.39,1296,189017,11358,16.641750308152844,22.95792287484212
0.0,Tamil Nadu,Cuddalore,2600880.0,79.04,71.2,86.84,2158,358340,20107,17.821654150295917,8.297191719725632
0.0,Tamil Nadu,Nagapattinam,1614069.0,84.09,78.0,90.38,1485,219304,12278,17.861540967584297,9.200350170903475
0.0,Tamil Nadu,Thiruvarur,1268094.0,83.26,77.02,89.65,1260,166949,9770,17.087922210849538,9.93617192416335
0.0,Tamil Nadu,Thanjavur,2402781.0,82.72,76.61,89.06,2023,322499,18502,17.43049400064858,8.419410674547535
0.0,Tamil Nadu,Pudukkottai,1618725.0,77.76,69.51,86.19,1923,218497,14002,15.604699328667333,11.87972015011815
0.0,Tamil Nadu,Sivaganga,1341250.0,80.46,72.33,88.61,1591,171605,11405,15.046470846120123,11.862068965517242
0.0,Tamil Nadu,Madurai,3041038.0,81.66,76.74,86.55,2124,419628,24541,17.09905871806365,6.984457280704812
0.0,Tamil Nadu,Theni,1243684.0,77.62,69.72,85.48,911,171988,10396,16.54367064255483,7.325011819722695
0.0,Tamil Nadu,Virudhunagar,1943309.0,80.75,73.14,88.46,1703,265207,14465,18.3343933632907,8.763403040895708
0.0,Tamil Nadu,Ramanathapuram,1337560.0,81.48,74.93,87.89,1514,186234,10764,17.3015607580825,11.319118394688838
0.0,Tamil Nadu,Thoothukkudi,1738376.0,86.52,81.77,91.42,1811,241125,13678,17.62867378271677,10.417769228291233
0.0,Tamil Nadu,Tirunelveli,3072880.0,82.92,76.38,89.66,2753,445259,24374,18.267785345039798,8.959022155111816
0.0,Tamil Nadu,Kanniyakumari,1863174.0,92.14,90.45,93.86,1212,224559,16327,13.753843327004349,6.5050285158552015
0.0,Tamil Nadu,Krishanagiri,1883731.0,72.41,64.86,79.65,1997,265971,15707,16.933278156236074,10.60130135353721
0.0,Puducherry,Yanam,55616.0,80.26,77.07,83.63,32,6703,500,13.406,5.7537399309551205
0.0,Puducherry,Pondicherry,946600.0,86.13,80.4,92.07,491,128178,9094,14.094787772157467,5.186984998943587
0.0,Puducherry,Mahe,41934.0,98.35,97.61,99.24,32,7311,497,14.710261569416499,7.631039252158153
0.0,Puducherry,Karaikal,200314.0,87.83,82.61,93.36,164,27270,2037,13.387334315169367,8.18714618049662
0.0,A & N Islands,Andamans,237586.0,88.49,84.52,91.91,171,31505,3143,10.023862551702196,7.1973937858291315
0.0,A & N Islands,Nicobars,36819.0,77.5,70.7,82.65,57,4416,540,8.177777777777777,15.481137456204678
0.0,A & N Islands,Middle And North Andamans,105539.0,84.25,79.39,88.72,182,14192,1663,8.533974744437764,17.244809975459308
0.0,Telangana,Adilabad,2737738.0,61.55,51.99,71.22,4680,393493,20109,19.568004376149982,17.094404212528737
0.0,Telangana,Nizamabad,2552073.0,62.25,52.33,72.66,2991,343703,17581,19.549684318298162,11.719884188265775
0.0,Telangana,Karimnagar,3811738.0,64.87,55.18,74.72,4270,416619,22328,18.65903797921892,11.202238978649634
0.0,Telangana,Medak,3031877.0,62.53,52.49,72.5,3650,421826,19770,21.33667172483561,12.038746954444392
0.0,Telangana,Hyderabad,4010238.0,80.96,78.42,83.35,3468,711856,25803,27.58810990970042,8.64786578751685
0.0,Telangana,Ranga Reddy,5296396.0,78.05,71.82,84.0,4759,941676,31383,30.005926775642862,8.985355324639622
0.0,Telangana,Mahbubnagar,4042191.0,56.06,45.65,66.27,4904,584620,25208,23.19184385909235,12.132034334844642
0.0,Telangana,Nalgonda,3483648.0,65.05,55.05,74.94,4237,429753,23611,18.20138918300792,12.162537661669607
0.0,Telangana,Warangal,3522644.0,66.16,56.45,75.91,4380,442762,24736,17.89949870633894,12.433842307085246
0.0,Telangana,Khammam,2798214.0,65.46,57.85,73.2,3479,318877,18739,17.016756497144993,12.432930433483643
